-- Générer des valeurs aléatoires pour la table Produits_commandes
INSERT INTO Produits_commandes (Id, produit_id, commande_id, quantite, prix)
VALUES
(1, 101, 201, 3, 29.99),
(2, 102, 202, 1, 15.50),
(3, 103, 203, 2, 45.00),
(4, 104, 204, 5, 19.99),
(5, 105, 205, 10, 12.99),
(6, 106, 206, 6, 24.00),
(7, 107, 207, 7, 33.99),
(8, 108, 208, 3, 18.75),
(9, 109, 209, 4, 40.50),
(10, 110, 210, 2, 55.00),
(11, 111, 211, 8, 22.30),
(12, 112, 212, 1, 60.00),
(13, 113, 213, 9, 20.00),
(14, 114, 214, 11, 30.99),
(15, 115, 215, 4, 28.50),
(16, 116, 216, 3, 19.99),
(17, 117, 217, 2, 49.99),
(18, 118, 218, 7, 16.90),
(19, 119, 219, 10, 39.90),
(20, 120, 220, 8, 25.99),
(21, 121, 221, 6, 22.50),
(22, 122, 222, 5, 21.20),
(23, 123, 223, 1, 50.00),
(24, 124, 224, 2, 12.25),
(25, 125, 225, 3, 40.00),
(26, 126, 226, 4, 23.75),
(27, 127, 227, 5, 37.00),
(28, 128, 228, 7, 48.99),
(29, 129, 229, 2, 17.99),
(30, 130, 230, 8, 10.50);

-- Générer des valeurs aléatoires pour la table Paiement
INSERT INTO Paiement (paiement_id, commande_id, montant, date_paiement, moyen_de_paiement, statut)
VALUES
(1, 201, 89.97, '2025-03-01 10:00:00', 'Carte', 'Succès'),
(2, 202, 15.50, '2025-03-01 12:00:00', 'PayPal', 'Succès'),
(3, 203, 90.00, '2025-03-02 10:30:00', 'Virement', 'En attente'),
(4, 204, 99.95, '2025-03-02 14:00:00', 'Carte', 'Succès'),
(5, 205, 129.90, '2025-03-03 08:15:00', 'Carte', 'Succès'),
(6, 206, 144.00, '2025-03-03 09:00:00', 'PayPal', 'Succès'),
(7, 207, 237.93, '2025-03-04 11:00:00', 'Virement', 'Échec'),
(8, 208, 56.25, '2025-03-04 12:30:00', 'Carte', 'Succès'),
(9, 209, 162.00, '2025-03-05 10:00:00', 'Carte', 'Succès'),
(10, 210, 110.00, '2025-03-06 11:30:00', 'PayPal', 'Succès'),
(11, 211, 178.40, '2025-03-07 13:00:00', 'Carte', 'Succès'),
(12, 212, 60.00, '2025-03-07 14:45:00', 'PayPal', 'Succès'),
(13, 213, 180.00, '2025-03-08 16:00:00', 'Virement', 'En attente'),
(14, 214, 340.95, '2025-03-09 10:15:00', 'Carte', 'Succès'),
(15, 215, 114.00, '2025-03-10 10:30:00', 'Carte', 'Succès'),
(16, 216, 59.97, '2025-03-10 11:30:00', 'PayPal', 'Échec'),
(17, 217, 99.98, '2025-03-11 12:00:00', 'Carte', 'Succès'),
(18, 218, 118.99, '2025-03-12 09:45:00', 'Virement', 'Succès'),
(19, 219, 239.70, '2025-03-13 14:00:00', 'PayPal', 'Succès'),
(20, 220, 109.99, '2025-03-13 15:30:00', 'Carte', 'Succès'),
(21, 221, 135.00, '2025-03-14 10:00:00', 'Carte', 'Succès'),
(22, 222, 61.25, '2025-03-15 13:00:00', 'Carte', 'Succès'),
(23, 223, 132.50, '2025-03-16 11:00:00', 'PayPal', 'Succès'),
(24, 224, 90.00, '2025-03-16 12:45:00', 'Virement', 'Succès'),
(25, 225, 85.00, '2025-03-17 13:30:00', 'Carte', 'Succès'),
(26, 226, 140.00, '2025-03-17 14:30:00', 'Carte', 'Succès'),
(27, 227, 111.25, '2025-03-18 11:15:00', 'PayPal', 'Échec'),
(28, 228, 159.99, '2025-03-18 13:00:00', 'Carte', 'Succès'),
(29, 229, 89.99, '2025-03-19 12:45:00', 'Virement', 'Succès'),
(30, 230, 80.00, '2025-03-19 14:15:00', 'PayPal', 'Succès');

-- Générer des valeurs aléatoires pour la table Expeditions
INSERT INTO Expeditions (expedition_id, commande_id, date_expedition, date_livraison_estimee, statut, adresse_livraison)
VALUES
(1, 201, '2025-03-01 11:00:00', '2025-03-03 14:00:00', 'En cours', '123 Rue Principale, Paris, France'),
(2, 202, '2025-03-01 13:00:00', '2025-03-03 16:00:00', 'Expédié', '456 Rue de la Libération, Lyon, France'),
(3, 203, '2025-03-02 11:00:00', '2025-03-04 15:00:00', 'En attente', '789 Rue de l’Industrie, Marseille, France'),
(4, 204, '2025-03-02 14:30:00', '2025-03-05 10:00:00', 'En cours', '101 Rue de l’Étoile, Bordeaux, France'),
(5, 205, '2025-03-03 09:00:00', '2025-03-06 12:00:00', 'Expédié', '202 Rue des Fleurs, Lille, France'),
(6, 206, '2025-03-03 10:00:00', '2025-03-06 14:00:00', 'Expédié', '303 Rue du Parc, Toulouse, France'),
(7, 207, '2025-03-04 11:00:00', '2025-03-07 17:00:00', 'En attente', '404 Rue de l’Église, Nice, France'),
(8, 208, '2025-03-04 12:00:00', '2025-03-07 19:00:00', 'En cours', '505 Rue des Champs, Nantes, France'),
(9, 209, '2025-03-05 10:30:00', '2025-03-08 13:00:00', 'Expédié', '606 Rue du Marché, Toulouse, France'),
(10, 210, '2025-03-06 11:15:00', '2025-03-09 11:00:00', 'En cours', '707 Rue des Roses, Paris, France'),
(11, 211, '2025-03-07 13:00:00', '2025-03-10 15:30:00', 'En attente', '808 Rue de la Gare, Lyon, France'),
(12, 212, '2025-03-07 14:00:00', '2025-03-10 17:00:00', 'En cours', '909 Rue des Bois, Marseille, France'),
(13, 213, '2025-03-08 11:30:00', '2025-03-11 16:00:00', 'Expédié', '101 Rue de la Mer, Bordeaux, France'),
(14, 214, '2025-03-09 10:45:00', '2025-03-12 11:00:00', 'En cours', '202 Rue des Alpes, Lille, France'),
(15, 215, '2025-03-10 10:00:00', '2025-03-13 13:30:00', 'Expédié', '303 Rue des Vignes, Toulouse, France'),
(16, 216, '2025-03-10 11:15:00', '2025-03-13 15:00:00', 'En attente', '404 Rue de la Lune, Paris, France'),
(17, 217, '2025-03-11 09:30:00', '2025-03-14 12:00:00', 'En cours', '505 Rue de la Paix, Lyon, France'),
(18, 218, '2025-03-12 13:00:00', '2025-03-15 14:00:00', 'Expédié', '606 Rue des Mimosas, Marseille, France'),
(19, 219, '2025-03-13 14:30:00', '2025-03-16 15:30:00', 'En attente', '707 Rue des Sables, Bordeaux, France'),
(20, 220, '2025-03-13 16:00:00', '2025-03-17 17:00:00', 'En cours', '808 Rue de la Fontaine, Lille, France'),
(21, 221, '2025-03-14 11:30:00', '2025-03-18 18:00:00', 'Expédié', '909 Rue du Parc, Toulouse, France'),
(22, 222, '2025-03-15 10:00:00', '2025-03-19 10:00:00', 'En cours', '101 Rue des Champs, Paris, France'),
(23, 223, '2025-03-16 12:15:00', '2025-03-20 13:00:00', 'Expédié', '202 Rue des Mimosas, Lyon, France'),
(24, 224, '2025-03-16 13:30:00', '2025-03-20 16:00:00', 'En cours', '303 Rue de la Mer, Marseille, France'),
(25, 225, '2025-03-17 14:45:00', '2025-03-21 10:00:00', 'En attente', '404 Rue des Fleurs, Bordeaux, France'),
(26, 226, '2025-03-17 15:30:00', '2025-03-21 12:00:00', 'Expédié', '505 Rue de la Gare, Lille, France'),
(27, 227, '2025-03-18 13:30:00', '2025-03-22 14:00:00', 'En cours', '606 Rue de la Rue, Toulouse, France'),
(28, 228, '2025-03-18 14:30:00', '2025-03-22 15:30:00', 'En attente', '707 Rue de la Lune, Paris, France'),
(29, 229, '2025-03-19 10:00:00', '2025-03-23 17:30:00', 'Expédié', '808 Rue des Vignes, Lyon, France'),
(30, 230, '2025-03-19 11:30:00', '2025-03-23 18:00:00', 'En cours', '909 Rue de l’Étoile, Marseille, France');

-- Générer des valeurs aléatoires pour la table Produits
INSERT INTO Produits (produit_id, nom, description, prix, quantite_stock, category_id, image_url, date_ajout, Id)
VALUES
(101, 'Produit A', 'Description produit A', 29.99, 150, 1, 'https://example.com/imageA.jpg', '2025-03-01 09:00:00', 1),
(102, 'Produit B', 'Description produit B', 15.50, 120, 2, 'https://example.com/imageB.jpg', '2025-03-01 09:30:00', 2),
(103, 'Produit C', 'Description produit C', 45.00, 80, 3, 'https://example.com/imageC.jpg', '2025-03-02 10:00:00', 3),
(104, 'Produit D', 'Description produit D', 19.99, 200, 4, 'https://example.com/imageD.jpg', '2025-03-02 10:30:00', 4),
(105, 'Produit E', 'Description produit E', 12.99, 250, 5, 'https://example.com/imageE.jpg', '2025-03-03 11:00:00', 5),
(106, 'Produit F', 'Description produit F', 24.00, 300, 6, 'https://example.com/imageF.jpg', '2025-03-03 12:00:00', 6),
(107, 'Produit G', 'Description produit G', 33.99, 180, 7, 'https://example.com/imageG.jpg', '2025-03-04 11:00:00', 7),
(108, 'Produit H', 'Description produit H', 18.75, 160, 8, 'https://example.com/imageH.jpg', '2025-03-04 12:00:00', 8),
(109, 'Produit I', 'Description produit I', 40.50, 140, 9, 'https://example.com/imageI.jpg', '2025-03-05 10:00:00', 9),
(110, 'Produit J', 'Description produit J', 55.00, 100, 10, 'https://example.com/imageJ.jpg', '2025-03-05 11:00:00', 10),
(111, 'Produit K', 'Description produit K', 22.30, 110, 11, 'https://example.com/imageK.jpg', '2025-03-06 12:30:00', 11),
(112, 'Produit L', 'Description produit L', 60.00, 75, 12, 'https://example.com/imageL.jpg', '2025-03-06 13:30:00', 12),
(113, 'Produit M', 'Description produit M', 20.00, 210, 13, 'https://example.com/imageM.jpg', '2025-03-07 11:30:00', 13),
(114, 'Produit N', 'Description produit N', 30.99, 190, 14, 'https://example.com/imageN.jpg', '2025-03-07 14:00:00', 14),
(115, 'Produit O', 'Description produit O', 28.50, 250, 15, 'https://example.com/imageO.jpg', '2025-03-08 11:00:00', 15),
(116, 'Produit P', 'Description produit P', 19.99, 300, 16, 'https://example.com/imageP.jpg', '2025-03-08 12:30:00', 16),
(117, 'Produit Q', 'Description produit Q', 49.99, 50, 17, 'https://example.com/imageQ.jpg', '2025-03-09 13:00:00', 17),
(118, 'Produit R', 'Description produit R', 16.90, 220, 18, 'https://example.com/imageR.jpg', '2025-03-09 14:00:00', 18),
(119, 'Produit S', 'Description produit S', 39.90, 140, 19, 'https://example.com/imageS.jpg', '2025-03-10 15:00:00', 19),
(120, 'Produit T', 'Description produit T', 25.99, 120, 20, 'https://example.com/imageT.jpg', '2025-03-10 16:30:00', 20),
(121, 'Produit U', 'Description produit U', 22.50, 130, 21, 'https://example.com/imageU.jpg', '2025-03-11 17:30:00', 21),
(122, 'Produit V', 'Description produit V', 21.20, 160, 22, 'https://example.com/imageV.jpg', '2025-03-12 10:00:00', 22),
(123, 'Produit W', 'Description produit W', 50.00, 90, 23, 'https://example.com/imageW.jpg', '2025-03-12 11:30:00', 23),
(124, 'Produit X', 'Description produit X', 12.25, 250, 24, 'https://example.com/imageX.jpg', '2025-03-13 13:00:00', 24),
(125, 'Produit Y', 'Description produit Y', 40.00, 120, 25, 'https://example.com/imageY.jpg', '2025-03-13 14:00:00', 25),
(126, 'Produit Z', 'Description produit Z', 23.75, 220, 26, 'https://example.com/imageZ.jpg', '2025-03-14 12:30:00', 26),
(127, 'Produit AA', 'Description produit AA', 37.00, 150, 27, 'https://example.com/imageAA.jpg', '2025-03-14 13:30:00', 27),
(128, 'Produit AB', 'Description produit AB', 48.99, 50, 28, 'https://example.com/imageAB.jpg', '2025-03-15 14:00:00', 28),
(129, 'Produit AC', 'Description produit AC', 17.99, 180, 29, 'https://example.com/imageAC.jpg', '2025-03-16 15:00:00', 29),
(130, 'Produit AD', 'Description produit AD', 10.50, 220, 30, 'https://example.com/imageAD.jpg', '2025-03-16 16:00:00', 30);

-- Générer des valeurs aléatoires pour la table Categories
INSERT INTO Categories (category_id, nom, produit_id)
VALUES
(1, 'Électronique', 101),
(2, 'Vêtements', 102),
(3, 'Alimentation', 103),
(4, 'Maison', 104),
(5, 'Jouets', 105),
(6, 'Informatique', 106),
(7, 'Sports', 107),
(8, 'Livres', 108),
(9, 'Meubles', 109),
(10, 'Santé', 110),
(11, 'Beauté', 111),
(12, 'Musique', 112),
(13, 'Bricolage', 113),
(14, 'Voyages', 114),
(15, 'Automobile', 115),
(16, 'Cuisine', 116),
(17, 'Mode', 117),
(18, 'Instruments', 118),
(19, 'Accessoires', 119),
(20, 'Technologie', 120),
(21, 'Équipement', 121),
(22, 'Papeterie', 122),
(23, 'Décoration', 123),
(24, 'Fleurs', 124),
(25, 'Jardin', 125),
(26, 'Sports Outdoor', 126),
(27, 'Camping', 127),
(28, 'Fitness', 128),
(29, 'Plantes', 129),
(30, 'Bébés', 130);

-- Générer des valeurs aléatoires pour la table Commandes
INSERT INTO Commandes (commande_id, client_id, date_commande, statut, total, expedition_id, paiement_id, Id)
VALUES
(201, 1, '2025-03-01 10:00:00', 'En cours', 89.97, 1, 1, 1),
(202, 2, '2025-03-01 12:00:00', 'Expédié', 15.50, 2, 2, 2),
(203, 3, '2025-03-02 10:30:00', 'En attente', 90.00, 3, 3, 3),
(204, 4, '2025-03-02 14:00:00', 'Expédié', 99.95, 4, 4, 4),
(205, 5, '2025-03-03 08:15:00', 'Annulé', 129.90, 5, 5, 5),
(206, 6, '2025-03-03 09:00:00', 'Expédié', 144.00, 6, 6, 6),
(207, 7, '2025-03-04 11:00:00', 'En attente', 237.93, 7, 7, 7),
(208, 8, '2025-03-04 12:30:00', 'Expédié', 56.25, 8, 8, 8),
(209, 9, '2025-03-05 10:00:00', 'En cours', 162.00, 9, 9, 9),
(210, 10, '2025-03-06 11:30:00', 'Expédié', 110.00, 10, 10, 10),
(211, 11, '2025-03-07 13:00:00', 'En attente', 178.40, 11, 11, 11),
(212, 12, '2025-03-07 14:45:00', 'En cours', 60.00, 12, 12, 12),
(213, 13, '2025-03-08 16:00:00', 'Expédié', 180.00, 13, 13, 13),
(214, 14, '2025-03-09 10:15:00', 'Annulé', 340.95, 14, 14, 14),
(215, 15, '2025-03-10 10:30:00', 'En attente', 114.00, 15, 15, 15),
(216, 16, '2025-03-10 11:30:00', 'Expédié', 59.97, 16, 16, 16),
(217, 17, '2025-03-11 12:00:00', 'Expédié', 99.98, 17, 17, 17),
(218, 18, '2025-03-12 09:45:00', 'En cours', 118.99, 18, 18, 18),
(219, 19, '2025-03-13 14:00:00', 'En attente', 239.70, 19, 19, 19),
(220, 20, '2025-03-13 15:30:00', 'Expédié', 109.99, 20, 20, 20),
(221, 21, '2025-03-14 10:00:00', 'Annulé', 135.00, 21, 21, 21),
(222, 22, '2025-03-15 13:00:00', 'Expédié', 61.25, 22, 22, 22),
(223, 23, '2025-03-16 11:00:00', 'En attente', 132.50, 23, 23, 23),
(224, 24, '2025-03-16 12:45:00', 'En cours', 90.00, 24, 24, 24),
(225, 25, '2025-03-17 13:30:00', 'Expédié', 85.00, 25, 25, 25),
(226, 26, '2025-03-17 14:30:00', 'Expédié', 140.00, 26, 26, 26),
(227, 27, '2025-03-18 11:15:00', 'En attente', 111.25, 27, 27, 27),
(228, 28, '2025-03-18 13:00:00', 'En cours', 159.99, 28, 28, 28),
(229, 29, '2025-03-19 12:45:00', 'En attente', 89.99, 29, 29, 29),
(230, 30, '2025-03-19 14:15:00', 'Expédié', 80.00, 30, 30, 30);

-- Générer des valeurs aléatoires pour la table Clients
INSERT INTO Clients (client_id, nom, prenom, email, mot_de_passe, adresse_ligne1, adresse_ligne2, ville, code_postal, pays, telephone, date_creation, commande_id)
VALUES
(1, 'Dupont', 'Jean', 'jean.dupont@example.com', 'motdepasse123', '123 Rue Principale', '', 'Paris', '75001', 'France', '0123456789', '2025-03-01 09:00:00', 201),
(2, 'Martin', 'Pierre', 'pierre.martin@example.com', 'motdepasse234', '456 Rue de la Libération', '', 'Lyon', '69001', 'France', '0123456790', '2025-03-01 10:00:00', 202),
(3, 'Durand', 'Marie', 'marie.durand@example.com', 'motdepasse345', '789 Rue de l’Industrie', '', 'Marseille', '13001', 'France', '0123456791', '2025-03-02 11:00:00', 203),
(4, 'Lemoine', 'Alice', 'alice.lemoine@example.com', 'motdepasse456', '101 Rue de l’Étoile', '', 'Bordeaux', '33000', 'France', '0123456792', '2025-03-02 12:00:00', 204),
(5, 'Bernard', 'Julien', 'julien.bernard@example.com', 'motdepasse567', '202 Rue des Fleurs', '', 'Lille', '59000', 'France', '0123456793', '2025-03-03 09:00:00', 205),
(6, 'Robert', 'Sophie', 'sophie.robert@example.com', 'motdepasse678', '303 Rue du Parc', '', 'Toulouse', '31000', 'France', '0123456794', '2025-03-03 10:00:00', 206),
(7, 'Petit', 'Luc', 'luc.petit@example.com', 'motdepasse789', '404 Rue de l’Église', '', 'Nice', '06000', 'France', '0123456795', '2025-03-04 11:00:00', 207),
(8, 'Blanc', 'Isabelle', 'isabelle.blanc@example.com', 'motdepasse890', '505 Rue des Champs', '', 'Nantes', '44000', 'France', '0123456796', '2025-03-04 12:00:00', 208),
(9, 'Gauthier', 'Thomas', 'thomas.gauthier@example.com', 'motdepasse901', '606 Rue du Soleil', '', 'Strasbourg', '67000', 'France', '0123456797', '2025-03-05 10:00:00', 209),
(10, 'Lemoine', 'Paul', 'paul.lemoine@example.com', 'motdepasse012', '707 Rue du Lac', '', 'Lille', '59000', 'France', '0123456798', '2025-03-06 11:00:00', 210),
(11, 'Lemoine', 'Claire', 'claire.lemoine@example.com', 'motdepasse123', '808 Rue des Vins', '', 'Paris', '75012', 'France', '0123456799', '2025-03-07 13:00:00', 211),
(12, 'Rousseau', 'Michel', 'michel.rousseau@example.com', 'motdepasse234', '909 Rue de la Mer', '', 'Lyon', '69002', 'France', '0123456800', '2025-03-07 14:00:00', 212),
(13, 'Pires', 'Marion', 'marion.pires@example.com', 'motdepasse345', '1010 Rue du Marais', '', 'Marseille', '13002', 'France', '0123456801', '2025-03-08 15:00:00', 213),
(14, 'Mercier', 'David', 'david.mercier@example.com', 'motdepasse456', '1111 Rue de la Place', '', 'Bordeaux', '33001', 'France', '0123456802', '2025-03-09 16:00:00', 214),
(15, 'Goujon', 'Estelle', 'estelle.goujon@example.com', 'motdepasse567', '1212 Rue des Pâquerettes', '', 'Lille', '59002', 'France', '0123456803', '2025-03-10 10:00:00', 215),
(16, 'Truong', 'Thi', 'thi.truong@example.com', 'motdepasse678', '1313 Rue du Marché', '', 'Toulouse', '31001', 'France', '0123456804', '2025-03-10 11:00:00', 216),
(17, 'Denis', 'Amandine', 'amandine.denis@example.com', 'motdepasse789', '1414 Rue de la Mer', '', 'Nice', '06001', 'France', '0123456805', '2025-03-11 12:00:00', 217),
(18, 'Nicolas', 'Georges', 'georges.nicolas@example.com', 'motdepasse890', '1515 Rue de la Forêt', '', 'Nantes', '44001', 'France', '0123456806', '2025-03-12 13:00:00', 218),
(19, 'Vidal', 'Alice', 'alice.vidal@example.com', 'motdepasse901', '1616 Rue des Cèdres', '', 'Strasbourg', '67001', 'France', '0123456807', '2025-03-12 14:00:00', 219),
(20, 'Girard', 'Victor', 'victor.girard@example.com', 'motdepasse012', '1717 Rue du Pont', '', 'Lyon', '69003', 'France', '0123456808', '2025-03-13 15:00:00', 220),
(21, 'Dufresne', 'Jules', 'jules.dufresne@example.com', 'motdepasse123', '1818 Rue de la Liberté', '', 'Toulouse', '31002', 'France', '0123456809', '2025-03-14 10:00:00', 221),
(22, 'Leclerc', 'Audrey', 'audrey.leclerc@example.com', 'motdepasse234', '1919 Rue du Mont', '', 'Bordeaux', '33002', 'France', '0123456810', '2025-03-14 11:00:00', 222),
(23, 'Baron', 'Laurent', 'laurent.baron@example.com', 'motdepasse345', '2020 Rue de la Montagne', '', 'Paris', '75003', 'France', '0123456811', '2025-03-15 09:30:00', 223),
(24, 'Maillard', 'Isabelle', 'isabelle.maillard@example.com', 'motdepasse456', '2121 Rue de la Mer', '', 'Lyon', '69004', 'France', '0123456812', '2025-03-15 10:00:00', 224),
(25, 'Deschamps', 'Sylvain', 'sylvain.deschamps@example.com', 'motdepasse567', '2222 Rue du Moulin', '', 'Marseille', '13003', 'France', '0123456813', '2025-03-16 11:00:00', 225),
(26, 'Lemoine', 'Jean', 'jean.lemoine@example.com', 'motdepasse678', '2323 Rue de la Gare', '', 'Nice', '06002', 'France', '0123456814', '2025-03-17 13:00:00', 226),
(27, 'Petit', 'Laurence', 'laurence.petit@example.com', 'motdepasse789', '2424 Rue du Lac', '', 'Nantes', '44002', 'France', '0123456815', '2025-03-17 14:00:00', 227),
(28, 'Hernandez', 'Carlos', 'carlos.hernandez@example.com', 'motdepasse890', '2525 Rue de l’Église', '', 'Strasbourg', '67002', 'France', '0123456816', '2025-03-18 15:00:00', 228),
(29, 'Guilbert', 'Michel', 'michel.guilbert@example.com', 'motdepasse901', '2626 Rue du Parc', '', 'Lille', '59001', 'France', '0123456817', '2025-03-18 16:00:00', 229),
(30, 'Dufresne', 'Sarah', 'sarah.dufresne@example.com', 'motdepasse012', '2727 Rue des Roses', '', 'Toulouse', '31003', 'France', '0123456818', '2025-03-19 10:00:00', 230);
